"GOV","obsTime","TOTALTAX","TAX","propValue"
"FED",1973,163846,"Corporate Income Tax",85.1262771138752
"FED",1974,182902,"Corporate Income Tax",86.1893254311052
"FED",1975,188458,"Corporate Income Tax",86.5296246378503
"FED",1976,201357,"Corporate Income Tax",85.953306813272
"FED",1977,241886,"Corporate Income Tax",87.5197407042987
"FED",1978,271436,"Corporate Income Tax",88.7988328740477
"FED",1979,315365,"Corporate Income Tax",89.9234220664944
"FED",1980,346840,"Corporate Income Tax",89.0142428785607
"FED",1981,402489,"Corporate Income Tax",86.1583794836629
"FED",1982,400550,"Corporate Income Tax",86.7349893895893
"FED",1983,376054,"Corporate Income Tax",86.7104192482994
"FED",1984,410223,"Corporate Income Tax",86.6665204047555
"FED",1985,450563,"Corporate Income Tax",87.9117903600606
"FED",1986,465419,"Corporate Income Tax",88.5894215749679
"FED",1987,531588,"Corporate Income Tax",89.6775322242037
"FED",1988,554841,"Corporate Income Tax",89.3327998471634
"FED",1989,608276,"Corporate Income Tax",90.3075248735771
"FED",1990,632160,"Corporate Income Tax",90.1118387749937
"FED",1991,628116,"Corporate Income Tax",88.4153563991365
"FED",1992,656705,"Corporate Income Tax",88.6439116498275
"FED",1993,712171,"Corporate Income Tax",88.8705100320007
"FED",1994,778571,"Corporate Income Tax",87.914525457537
"FED",1995,840645,"Corporate Income Tax",89.2343379190978
"FED",1996,934446,"Corporate Income Tax",90.3320256066161
"FED",1997,1035654,"Corporate Income Tax",90.498757306977
"FED",1998,1120417,"Corporate Income Tax",90.5519998357754
"FED",1999,1203307,"Corporate Income Tax",90.675530018524
"FED",2000,1316632,"Corporate Income Tax",91.2387819831206
"FED",2001,1254773,"Corporate Income Tax",90.9757382411002
"FED",2002,1078486,"Corporate Income Tax",89.603388453814
"FED",2003,1075839,"Corporate Income Tax",89.5725103849182
"FED",2004,1165211,"Corporate Income Tax",89.7119062556052
"FED",2005,1392812,"Corporate Income Tax",91.0683566769959
"FED",2006,1562608,"Corporate Income Tax",91.8673781268239
"FED",2007,1634127,"Corporate Income Tax",92.589560052554
"FED",2008,1517778,"Corporate Income Tax",91.9454623798737
"FED",2009,1144276,"Corporate Income Tax",90.2125885712887
"FED",2010,1288676,"Corporate Income Tax",91.3198507615568
"FED",2011,1488047,"Corporate Income Tax",92.052199964114
"FED",2012,1587024,"Corporate Income Tax",91.8565188680196
"FED",2013,1765757,"Corporate Income Tax",91.7118267122826
"FED",2014,1918871,"Corporate Income Tax",91.9159234779201
"FED",2015,2041407,"Corporate Income Tax",92.1346894568305
"FED",2016,2054530,"Corporate Income Tax",92.3239865078631
"FED",2017,2328070,"Corporate Income Tax",82.6201102200535
"FED",2018,1980351,"Corporate Income Tax",90.7285627648836
"LOCAL",1973,52858,"Corporate Income Tax",4.55181807862575
"LOCAL",1974,0,"Corporate Income Tax",NA
"LOCAL",1975,61064,"Corporate Income Tax",4.31514476614699
"LOCAL",1976,0,"Corporate Income Tax",NA
"LOCAL",1977,74832,"Corporate Income Tax",5.01389779773359
"LOCAL",1978,0,"Corporate Income Tax",NA
"LOCAL",1979,80650,"Corporate Income Tax",5.34283942963422
"LOCAL",1980,86436,"Corporate Income Tax",5.77305752232866
"LOCAL",1981,94829,"Corporate Income Tax",5.83260395026838
"LOCAL",1982,103703,"Corporate Income Tax",5.88700423324301
"LOCAL",1983,113202,"Corporate Income Tax",5.69424568470522
"LOCAL",1984,123451,"Corporate Income Tax",5.84523414148124
"LOCAL",1985,134523,"Corporate Income Tax",5.92761089181776
"LOCAL",1986,145055,"Corporate Income Tax",5.88535383130537
"LOCAL",1987,158275,"Corporate Income Tax",6.10519665139788
"LOCAL",1988,171659,"Corporate Income Tax",5.98395656505048
"LOCAL",1989,184534,"Corporate Income Tax",5.98697259041694
"LOCAL",1990,213582,"Corporate Income Tax",5.57865363186036
"LOCAL",1991,230155,"Corporate Income Tax",5.39679781017141
"LOCAL",1992,241021,"Corporate Income Tax",5.59951207571125
"LOCAL",1993,247706,"Corporate Income Tax",5.5392279557217
"LOCAL",1994,263799,"Corporate Income Tax",5.50305346115793
"LOCAL",1995,270694,"Corporate Income Tax",5.83500188404619
"LOCAL",1996,283751,"Corporate Income Tax",5.90729195668033
"LOCAL",1997,300807,"Corporate Income Tax",6.00983354775653
"LOCAL",1998,314248,"Corporate Income Tax",6.23583920979608
"LOCAL",1999,332575,"Corporate Income Tax",6.19078403367661
"LOCAL",2000,353181,"Corporate Income Tax",6.12179024352952
"LOCAL",2001,367567,"Corporate Income Tax",5.59408216733276
"LOCAL",2002,392425,"Corporate Income Tax",5.22418296489775
"LOCAL",2003,417280,"Corporate Income Tax",5.31178105828221
"LOCAL",2004,454110,"Corporate Income Tax",5.57530113849067
"LOCAL",2005,496312,"Corporate Income Tax",5.6962152839343
"LOCAL",2006,530643,"Corporate Income Tax",5.98990281601755
"LOCAL",2007,564556,"Corporate Income Tax",6.07805071596086
"LOCAL",2008,570910,"Corporate Income Tax",5.69897181692386
"LOCAL",2009,583896,"Corporate Income Tax",5.28878430405415
"LOCAL",2010,587198,"Corporate Income Tax",5.53986900500342
"LOCAL",2011,595836,"Corporate Income Tax",5.66514947065971
"LOCAL",2012,609898,"Corporate Income Tax",5.97591728452954
"LOCAL",2013,628154,"Corporate Income Tax",6.00473769171254
"LOCAL",2014,656778,"Corporate Income Tax",6.07693923974311
"LOCAL",2015,677011,"Corporate Income Tax",5.91556119472209
"LOCAL",2016,705704,"Corporate Income Tax",5.81150170609774
"LOCAL",2017,739934,"Corporate Income Tax",5.7825427673279
"LOCAL",2018,770880,"Corporate Income Tax",5.76081880448319
"NES",1965,167022,"Corporate Income Tax",48.0679191962735
"NES",1966,186065,"Corporate Income Tax",49.6235186628329
"NES",1967,208577,"Corporate Income Tax",49.6636733676292
"NES",1968,218623,"Corporate Income Tax",49.0611692273914
"NES",1969,261468,"Corporate Income Tax",52.0369605458412
"NES",1970,276727,"Corporate Income Tax",49.8086561846152
"NES",1971,278738,"Corporate Income Tax",46.0683509245241
"NES",1972,313091,"Corporate Income Tax",46.847721588931
"NES",1973,348794,"Corporate Income Tax",46.7221339816625
"NES",1974,389542,"Corporate Income Tax",47.0370332339003
"NES",1975,415386,"Corporate Income Tax",46.0333280370547
"NES",1976,450017,"Corporate Income Tax",45.5582789094634
"NES",1977,525970,"Corporate Income Tax",47.5534726315189
"NES",1978,588261,"Corporate Income Tax",48.4387032286689
"NES",1979,662519,"Corporate Income Tax",50.209277016961
"NES",1980,730672,"Corporate Income Tax",49.835904482449
"NES",1981,832930,"Corporate Income Tax",48.9054302282305
"NES",1982,871205,"Corporate Income Tax",47.432693797671
"NES",1983,872628,"Corporate Income Tax",45.3189675325568
"NES",1984,973472,"Corporate Income Tax",44.9108962558759
"NES",1985,1069914,"Corporate Income Tax",45.3637395155125
"NES",1986,1127958,"Corporate Income Tax",44.9202009294672
"NES",1987,1247323,"Corporate Income Tax",46.7454700987635
"NES",1988,1334154,"Corporate Income Tax",45.5528372286857
"NES",1989,1447778,"Corporate Income Tax",46.4882737546779
"NES",1990,1552412,"Corporate Income Tax",45.2026266223142
"NES",1991,1592210,"Corporate Income Tax",43.3807098309896
"NES",1992,1678735,"Corporate Income Tax",43.299627398011
"NES",1993,1779818,"Corporate Income Tax",44.1641223990318
"NES",1994,1915492,"Corporate Income Tax",44.2021162187052
"NES",1995,2028326,"Corporate Income Tax",45.5319805593381
"NES",1996,2183329,"Corporate Income Tax",47.1506126653381
"NES",1997,2357489,"Corporate Income Tax",48.1896628149697
"NES",1998,2525495,"Corporate Income Tax",48.8028683485812
"NES",1999,2690195,"Corporate Income Tax",49.1575146039599
"NES",2000,2900519,"Corporate Income Tax",50.124270863249
"NES",2001,2884729,"Corporate Income Tax",48.3140010725444
"NES",2002,2733431,"Corporate Income Tax",43.7731188385586
"NES",2003,2805007,"Corporate Income Tax",42.7958646805516
"NES",2004,3025256,"Corporate Income Tax",43.2501249481036
"NES",2005,3402866,"Corporate Income Tax",46.2084313634448
"NES",2006,3699160,"Corporate Income Tax",47.820775527417
"NES",2007,3868611,"Corporate Income Tax",48.2137904276238
"NES",2008,3787414,"Corporate Income Tax",46.127278401569
"NES",2009,3317017,"Corporate Income Tax",40.2685304295998
"NES",2010,3517143,"Corporate Income Tax",42.3269113595893
"NES",2011,3706689,"Corporate Income Tax",46.1936245528017
"NES",2012,3887232,"Corporate Income Tax",46.8593075998551
"NES",2013,4291752,"Corporate Income Tax",46.9829104757218
"NES",2014,4544361,"Corporate Income Tax",47.7664516529387
"NES",2015,4765481,"Corporate Income Tax",48.5036242931196
"NES",2016,4841949,"Corporate Income Tax",48.0342729756137
"NES",2017,5227338,"Corporate Income Tax",45.206412900792
"NES",2018,5007164,"Corporate Income Tax",45.0751762874154
"SOCSEC",1973,63404,"Corporate Income Tax",0
"SOCSEC",1974,75476,"Corporate Income Tax",0
"SOCSEC",1975,85039,"Corporate Income Tax",0
"SOCSEC",1976,91386,"Corporate Income Tax",0
"SOCSEC",1977,107735,"Corporate Income Tax",0
"SOCSEC",1978,122748,"Corporate Income Tax",0
"SOCSEC",1979,141162,"Corporate Income Tax",0
"SOCSEC",1980,159763,"Corporate Income Tax",0
"SOCSEC",1981,185373,"Corporate Income Tax",0
"SOCSEC",1982,203846,"Corporate Income Tax",0
"SOCSEC",1983,211491,"Corporate Income Tax",0
"SOCSEC",1984,242555,"Corporate Income Tax",0
"SOCSEC",1985,269144,"Corporate Income Tax",0
"SOCSEC",1986,289039,"Corporate Income Tax",0
"SOCSEC",1987,310185,"Corporate Income Tax",0
"SOCSEC",1988,343186,"Corporate Income Tax",0
"SOCSEC",1989,370413,"Corporate Income Tax",0
"SOCSEC",1990,396972,"Corporate Income Tax",0
"SOCSEC",1991,415220,"Corporate Income Tax",0
"SOCSEC",1992,437751,"Corporate Income Tax",0
"SOCSEC",1993,458174,"Corporate Income Tax",0
"SOCSEC",1994,487580,"Corporate Income Tax",0
"SOCSEC",1995,510476,"Corporate Income Tax",0
"SOCSEC",1996,533666,"Corporate Income Tax",0
"SOCSEC",1997,565504,"Corporate Income Tax",0
"SOCSEC",1998,602915,"Corporate Income Tax",0
"SOCSEC",1999,638518,"Corporate Income Tax",0
"SOCSEC",2000,683104,"Corporate Income Tax",0
"SOCSEC",2001,707932,"Corporate Income Tax",0
"SOCSEC",2002,723678,"Corporate Income Tax",0
"SOCSEC",2003,748486,"Corporate Income Tax",0
"SOCSEC",2004,794037,"Corporate Income Tax",0
"SOCSEC",2005,831410,"Corporate Income Tax",0
"SOCSEC",2006,873157,"Corporate Income Tax",0
"SOCSEC",2007,907357,"Corporate Income Tax",0
"SOCSEC",2008,930149,"Corporate Income Tax",0
"SOCSEC",2009,902378,"Corporate Income Tax",0
"SOCSEC",2010,917409,"Corporate Income Tax",0
"SOCSEC",2011,847151,"Corporate Income Tax",0
"SOCSEC",2012,880301,"Corporate Income Tax",0
"SOCSEC",2013,1030098,"Corporate Income Tax",0
"SOCSEC",2014,1077038,"Corporate Income Tax",0
"SOCSEC",2015,1126110,"Corporate Income Tax",0
"SOCSEC",2016,1153644,"Corporate Income Tax",0
"SOCSEC",2017,1204452,"Corporate Income Tax",0
"SOCSEC",2018,1256673,"Corporate Income Tax",0
"STATE",1973,68686,"Corporate Income Tax",30.6932999446758
"STATE",1974,131164,"Corporate Income Tax",19.5076392912689
"STATE",1975,80825,"Corporate Income Tax",31.5607794618002
"STATE",1976,157274,"Corporate Income Tax",20.3129570049722
"STATE",1977,101517,"Corporate Income Tax",34.1489602726637
"STATE",1978,194077,"Corporate Income Tax",22.6271016143077
"STATE",1979,125342,"Corporate Income Tax",35.7023184567025
"STATE",1980,137633,"Corporate Income Tax",36.626390473215
"STATE",1981,150239,"Corporate Income Tax",36.6342960216721
"STATE",1982,163106,"Corporate Income Tax",36.6105477419592
"STATE",1983,171881,"Corporate Income Tax",36.6195216457898
"STATE",1984,197243,"Corporate Income Tax",37.7468401920474
"STATE",1985,215684,"Corporate Income Tax",37.6852246805512
"STATE",1986,228445,"Corporate Income Tax",37.5722821685745
"STATE",1987,247275,"Corporate Income Tax",39.1018097260135
"STATE",1988,264468,"Corporate Income Tax",38.4991757036768
"STATE",1989,284555,"Corporate Income Tax",39.5986716100578
"STATE",1990,309698,"Corporate Income Tax",38.8003797247641
"STATE",1991,318718,"Corporate Income Tax",38.5729704629171
"STATE",1992,343258,"Corporate Income Tax",38.2394583665931
"STATE",1993,361766,"Corporate Income Tax",38.5356832869866
"STATE",1994,385542,"Corporate Income Tax",38.3078886347013
"STATE",1995,406510,"Corporate Income Tax",38.7682959828786
"STATE",1996,431464,"Corporate Income Tax",39.0730165204977
"STATE",1997,455522,"Corporate Income Tax",39.6760200385492
"STATE",1998,487915,"Corporate Income Tax",40.654007357839
"STATE",1999,515794,"Corporate Income Tax",40.8570088058411
"STATE",2000,547601,"Corporate Income Tax",42.1772421891121
"STATE",2001,554455,"Corporate Income Tax",41.7754371409763
"STATE",2002,538840,"Corporate Income Tax",38.9069111424542
"STATE",2003,563400,"Corporate Income Tax",38.091054313099
"STATE",2004,611896,"Corporate Income Tax",38.858727626917
"STATE",2005,682331,"Corporate Income Tax",40.4097131743978
"STATE",2006,732750,"Corporate Income Tax",41.1673831456841
"STATE",2007,762570,"Corporate Income Tax",41.6824684946956
"STATE",2008,768576,"Corporate Income Tax",41.5009055708219
"STATE",2009,686466,"Corporate Income Tax",39.7036415496179
"STATE",2010,723859,"Corporate Income Tax",38.5919080925981
"STATE",2011,775654,"Corporate Income Tax",39.8011226655184
"STATE",2012,810008,"Corporate Income Tax",40.4067614147021
"STATE",2013,867741,"Corporate Income Tax",41.4021003963164
"STATE",2014,891672,"Corporate Income Tax",41.1608752994375
"STATE",2015,920951,"Corporate Income Tax",42.4059477648648
"STATE",2016,928070,"Corporate Income Tax",41.8027734976887
"STATE",2017,954881,"Corporate Income Tax",41.5602572467145
"STATE",2018,999258,"Corporate Income Tax",41.6142777941232
"FED",1973,163846,"Social Security Tax",0
"FED",1974,182902,"Social Security Tax",0
"FED",1975,188458,"Social Security Tax",0
"FED",1976,201357,"Social Security Tax",0
"FED",1977,241886,"Social Security Tax",0
"FED",1978,271436,"Social Security Tax",0
"FED",1979,315365,"Social Security Tax",0
"FED",1980,346840,"Social Security Tax",0
"FED",1981,402489,"Social Security Tax",0
"FED",1982,400550,"Social Security Tax",0
"FED",1983,376054,"Social Security Tax",0
"FED",1984,410223,"Social Security Tax",0
"FED",1985,450563,"Social Security Tax",0
"FED",1986,465419,"Social Security Tax",0
"FED",1987,531588,"Social Security Tax",0
"FED",1988,554841,"Social Security Tax",0
"FED",1989,608276,"Social Security Tax",0
"FED",1990,632160,"Social Security Tax",0
"FED",1991,628116,"Social Security Tax",0
"FED",1992,656705,"Social Security Tax",0
"FED",1993,712171,"Social Security Tax",0
"FED",1994,778571,"Social Security Tax",0
"FED",1995,840645,"Social Security Tax",0
"FED",1996,934446,"Social Security Tax",0
"FED",1997,1035654,"Social Security Tax",0
"FED",1998,1120417,"Social Security Tax",0
"FED",1999,1203307,"Social Security Tax",0
"FED",2000,1316632,"Social Security Tax",0
"FED",2001,1254773,"Social Security Tax",0
"FED",2002,1078486,"Social Security Tax",0
"FED",2003,1075839,"Social Security Tax",0
"FED",2004,1165211,"Social Security Tax",0
"FED",2005,1392812,"Social Security Tax",0
"FED",2006,1562608,"Social Security Tax",0
"FED",2007,1634127,"Social Security Tax",0
"FED",2008,1517778,"Social Security Tax",0
"FED",2009,1144276,"Social Security Tax",0
"FED",2010,1288676,"Social Security Tax",0
"FED",2011,1488047,"Social Security Tax",0
"FED",2012,1587024,"Social Security Tax",0
"FED",2013,1765757,"Social Security Tax",0
"FED",2014,1918871,"Social Security Tax",0
"FED",2015,2041407,"Social Security Tax",0
"FED",2016,2054530,"Social Security Tax",0
"FED",2017,2328070,"Social Security Tax",0
"FED",2018,1980351,"Social Security Tax",0
"LOCAL",1973,52858,"Social Security Tax",0
"LOCAL",1974,0,"Social Security Tax",NA
"LOCAL",1975,61064,"Social Security Tax",0
"LOCAL",1976,0,"Social Security Tax",NA
"LOCAL",1977,74832,"Social Security Tax",0
"LOCAL",1978,0,"Social Security Tax",NA
"LOCAL",1979,80650,"Social Security Tax",0
"LOCAL",1980,86436,"Social Security Tax",0
"LOCAL",1981,94829,"Social Security Tax",0
"LOCAL",1982,103703,"Social Security Tax",0
"LOCAL",1983,113202,"Social Security Tax",0
"LOCAL",1984,123451,"Social Security Tax",0
"LOCAL",1985,134523,"Social Security Tax",0
"LOCAL",1986,145055,"Social Security Tax",0
"LOCAL",1987,158275,"Social Security Tax",0
"LOCAL",1988,171659,"Social Security Tax",0
"LOCAL",1989,184534,"Social Security Tax",0
"LOCAL",1990,213582,"Social Security Tax",0
"LOCAL",1991,230155,"Social Security Tax",0
"LOCAL",1992,241021,"Social Security Tax",0
"LOCAL",1993,247706,"Social Security Tax",0
"LOCAL",1994,263799,"Social Security Tax",0
"LOCAL",1995,270694,"Social Security Tax",0
"LOCAL",1996,283751,"Social Security Tax",0
"LOCAL",1997,300807,"Social Security Tax",0
"LOCAL",1998,314248,"Social Security Tax",0
"LOCAL",1999,332575,"Social Security Tax",0
"LOCAL",2000,353181,"Social Security Tax",0
"LOCAL",2001,367567,"Social Security Tax",0
"LOCAL",2002,392425,"Social Security Tax",0
"LOCAL",2003,417280,"Social Security Tax",0
"LOCAL",2004,454110,"Social Security Tax",0
"LOCAL",2005,496312,"Social Security Tax",0
"LOCAL",2006,530643,"Social Security Tax",0
"LOCAL",2007,564556,"Social Security Tax",0
"LOCAL",2008,570910,"Social Security Tax",0
"LOCAL",2009,583896,"Social Security Tax",0
"LOCAL",2010,587198,"Social Security Tax",0
"LOCAL",2011,595836,"Social Security Tax",0
"LOCAL",2012,609898,"Social Security Tax",0
"LOCAL",2013,628154,"Social Security Tax",0
"LOCAL",2014,656778,"Social Security Tax",0
"LOCAL",2015,677011,"Social Security Tax",0
"LOCAL",2016,705704,"Social Security Tax",0
"LOCAL",2017,739934,"Social Security Tax",0
"LOCAL",2018,770880,"Social Security Tax",0
"NES",1965,167022,"Social Security Tax",13.2868723880686
"NES",1966,186065,"Social Security Tax",13.7591701824631
"NES",1967,208577,"Social Security Tax",15.7864961141449
"NES",1968,218623,"Social Security Tax",15.6026584577103
"NES",1969,261468,"Social Security Tax",15.0626462894121
"NES",1970,276727,"Social Security Tax",16.0869738045077
"NES",1971,278738,"Social Security Tax",16.9865608564315
"NES",1972,313091,"Social Security Tax",16.8372773410925
"NES",1973,348794,"Social Security Tax",18.17806498965
"NES",1974,389542,"Social Security Tax",19.3755743924917
"NES",1975,415386,"Social Security Tax",20.4722836109065
"NES",1976,450017,"Social Security Tax",20.3072328378706
"NES",1977,525970,"Social Security Tax",20.4831074015628
"NES",1978,588261,"Social Security Tax",20.8662481449561
"NES",1979,662519,"Social Security Tax",21.3068606334309
"NES",1980,730672,"Social Security Tax",21.8652144874855
"NES",1981,832930,"Social Security Tax",22.2555316773318
"NES",1982,871205,"Social Security Tax",23.3981669067556
"NES",1983,872628,"Social Security Tax",24.236100606444
"NES",1984,973472,"Social Security Tax",24.9164845008382
"NES",1985,1069914,"Social Security Tax",25.155666717138
"NES",1986,1127958,"Social Security Tax",25.6249789442515
"NES",1987,1247323,"Social Security Tax",24.8680574317959
"NES",1988,1334154,"Social Security Tax",25.7231174212272
"NES",1989,1447778,"Social Security Tax",25.5849308388441
"NES",1990,1552412,"Social Security Tax",25.5713045248297
"NES",1991,1592210,"Social Security Tax",26.0782183254721
"NES",1992,1678735,"Social Security Tax",26.0762419321692
"NES",1993,1779818,"Social Security Tax",25.7427444828629
"NES",1994,1915492,"Social Security Tax",25.4545568449255
"NES",1995,2028326,"Social Security Tax",25.1673547546105
"NES",1996,2183329,"Social Security Tax",24.442766069612
"NES",1997,2357489,"Social Security Tax",23.987556251588
"NES",1998,2525495,"Social Security Tax",23.8731417009339
"NES",1999,2690195,"Social Security Tax",23.7350080570368
"NES",2000,2900519,"Social Security Tax",23.5510955108379
"NES",2001,2884729,"Social Security Tax",24.5406760912377
"NES",2002,2733431,"Social Security Tax",26.4750783904917
"NES",2003,2805007,"Social Security Tax",26.6839262789719
"NES",2004,3025256,"Social Security Tax",26.2469357965078
"NES",2005,3402866,"Social Security Tax",24.4326400157984
"NES",2006,3699160,"Social Security Tax",23.6041966284238
"NES",2007,3868611,"Social Security Tax",23.4543354190949
"NES",2008,3787414,"Social Security Tax",24.5589470810426
"NES",2009,3317017,"Social Security Tax",27.2045033233173
"NES",2010,3517143,"Social Security Tax",26.0839266415952
"NES",2011,3706689,"Social Security Tax",22.8546554620579
"NES",2012,3887232,"Social Security Tax",22.6459599015443
"NES",2013,4291752,"Social Security Tax",24.0018062553475
"NES",2014,4544361,"Social Security Tax",23.7005378754021
"NES",2015,4765481,"Social Security Tax",23.6305632107231
"NES",2016,4841949,"Social Security Tax",23.8260254290163
"NES",2017,5227338,"Social Security Tax",23.0414027177887
"NES",2018,5007164,"Social Security Tax",25.0975003015679
"SOCSEC",1973,63404,"Social Security Tax",100
"SOCSEC",1974,75476,"Social Security Tax",100
"SOCSEC",1975,85039,"Social Security Tax",100
"SOCSEC",1976,91386,"Social Security Tax",100
"SOCSEC",1977,107735,"Social Security Tax",100
"SOCSEC",1978,122748,"Social Security Tax",100
"SOCSEC",1979,141162,"Social Security Tax",100
"SOCSEC",1980,159763,"Social Security Tax",100
"SOCSEC",1981,185373,"Social Security Tax",100
"SOCSEC",1982,203846,"Social Security Tax",100
"SOCSEC",1983,211491,"Social Security Tax",100
"SOCSEC",1984,242555,"Social Security Tax",100
"SOCSEC",1985,269144,"Social Security Tax",100
"SOCSEC",1986,289039,"Social Security Tax",100
"SOCSEC",1987,310185,"Social Security Tax",100
"SOCSEC",1988,343186,"Social Security Tax",100
"SOCSEC",1989,370413,"Social Security Tax",100
"SOCSEC",1990,396972,"Social Security Tax",100
"SOCSEC",1991,415220,"Social Security Tax",100
"SOCSEC",1992,437751,"Social Security Tax",100
"SOCSEC",1993,458174,"Social Security Tax",100
"SOCSEC",1994,487580,"Social Security Tax",100
"SOCSEC",1995,510476,"Social Security Tax",100
"SOCSEC",1996,533666,"Social Security Tax",100
"SOCSEC",1997,565504,"Social Security Tax",100
"SOCSEC",1998,602915,"Social Security Tax",100
"SOCSEC",1999,638518,"Social Security Tax",100
"SOCSEC",2000,683104,"Social Security Tax",100
"SOCSEC",2001,707932,"Social Security Tax",100
"SOCSEC",2002,723678,"Social Security Tax",100
"SOCSEC",2003,748486,"Social Security Tax",100
"SOCSEC",2004,794037,"Social Security Tax",100
"SOCSEC",2005,831410,"Social Security Tax",100
"SOCSEC",2006,873157,"Social Security Tax",100
"SOCSEC",2007,907357,"Social Security Tax",100
"SOCSEC",2008,930149,"Social Security Tax",100
"SOCSEC",2009,902378,"Social Security Tax",100
"SOCSEC",2010,917409,"Social Security Tax",100
"SOCSEC",2011,847151,"Social Security Tax",100
"SOCSEC",2012,880301,"Social Security Tax",100
"SOCSEC",2013,1030098,"Social Security Tax",100
"SOCSEC",2014,1077038,"Social Security Tax",100
"SOCSEC",2015,1126110,"Social Security Tax",100
"SOCSEC",2016,1153644,"Social Security Tax",100
"SOCSEC",2017,1204452,"Social Security Tax",100
"SOCSEC",2018,1256673,"Social Security Tax",100
"STATE",1973,68686,"Social Security Tax",0
"STATE",1974,131164,"Social Security Tax",0
"STATE",1975,80825,"Social Security Tax",0
"STATE",1976,157274,"Social Security Tax",0
"STATE",1977,101517,"Social Security Tax",0
"STATE",1978,194077,"Social Security Tax",0
"STATE",1979,125342,"Social Security Tax",0
"STATE",1980,137633,"Social Security Tax",0
"STATE",1981,150239,"Social Security Tax",0
"STATE",1982,163106,"Social Security Tax",0
"STATE",1983,171881,"Social Security Tax",0
"STATE",1984,197243,"Social Security Tax",0
"STATE",1985,215684,"Social Security Tax",0
"STATE",1986,228445,"Social Security Tax",0
"STATE",1987,247275,"Social Security Tax",0
"STATE",1988,264468,"Social Security Tax",0
"STATE",1989,284555,"Social Security Tax",0
"STATE",1990,309698,"Social Security Tax",0
"STATE",1991,318718,"Social Security Tax",0
"STATE",1992,343258,"Social Security Tax",0
"STATE",1993,361766,"Social Security Tax",0
"STATE",1994,385542,"Social Security Tax",0
"STATE",1995,406510,"Social Security Tax",0
"STATE",1996,431464,"Social Security Tax",0
"STATE",1997,455522,"Social Security Tax",0
"STATE",1998,487915,"Social Security Tax",0
"STATE",1999,515794,"Social Security Tax",0
"STATE",2000,547601,"Social Security Tax",0
"STATE",2001,554455,"Social Security Tax",0
"STATE",2002,538840,"Social Security Tax",0
"STATE",2003,563400,"Social Security Tax",0
"STATE",2004,611896,"Social Security Tax",0
"STATE",2005,682331,"Social Security Tax",0
"STATE",2006,732750,"Social Security Tax",0
"STATE",2007,762570,"Social Security Tax",0
"STATE",2008,768576,"Social Security Tax",0
"STATE",2009,686466,"Social Security Tax",0
"STATE",2010,723859,"Social Security Tax",0
"STATE",2011,775654,"Social Security Tax",0
"STATE",2012,810008,"Social Security Tax",0
"STATE",2013,867741,"Social Security Tax",0
"STATE",2014,891672,"Social Security Tax",0
"STATE",2015,920951,"Social Security Tax",0
"STATE",2016,928070,"Social Security Tax",0
"STATE",2017,954881,"Social Security Tax",0
"STATE",2018,999258,"Social Security Tax",0
"FED",1973,163846,"Payroll Tax",0
"FED",1974,182902,"Payroll Tax",0
"FED",1975,188458,"Payroll Tax",0
"FED",1976,201357,"Payroll Tax",0
"FED",1977,241886,"Payroll Tax",0
"FED",1978,271436,"Payroll Tax",0
"FED",1979,315365,"Payroll Tax",0
"FED",1980,346840,"Payroll Tax",0
"FED",1981,402489,"Payroll Tax",0
"FED",1982,400550,"Payroll Tax",0
"FED",1983,376054,"Payroll Tax",0
"FED",1984,410223,"Payroll Tax",0
"FED",1985,450563,"Payroll Tax",0
"FED",1986,465419,"Payroll Tax",0
"FED",1987,531588,"Payroll Tax",0
"FED",1988,554841,"Payroll Tax",0
"FED",1989,608276,"Payroll Tax",0
"FED",1990,632160,"Payroll Tax",0
"FED",1991,628116,"Payroll Tax",0
"FED",1992,656705,"Payroll Tax",0
"FED",1993,712171,"Payroll Tax",0
"FED",1994,778571,"Payroll Tax",0
"FED",1995,840645,"Payroll Tax",0
"FED",1996,934446,"Payroll Tax",0
"FED",1997,1035654,"Payroll Tax",0
"FED",1998,1120417,"Payroll Tax",0
"FED",1999,1203307,"Payroll Tax",0
"FED",2000,1316632,"Payroll Tax",0
"FED",2001,1254773,"Payroll Tax",0
"FED",2002,1078486,"Payroll Tax",0
"FED",2003,1075839,"Payroll Tax",0
"FED",2004,1165211,"Payroll Tax",0
"FED",2005,1392812,"Payroll Tax",0
"FED",2006,1562608,"Payroll Tax",0
"FED",2007,1634127,"Payroll Tax",0
"FED",2008,1517778,"Payroll Tax",0
"FED",2009,1144276,"Payroll Tax",0
"FED",2010,1288676,"Payroll Tax",0
"FED",2011,1488047,"Payroll Tax",0
"FED",2012,1587024,"Payroll Tax",0
"FED",2013,1765757,"Payroll Tax",0
"FED",2014,1918871,"Payroll Tax",0
"FED",2015,2041407,"Payroll Tax",0
"FED",2016,2054530,"Payroll Tax",0
"FED",2017,2328070,"Payroll Tax",0
"FED",2018,1980351,"Payroll Tax",NA
"LOCAL",1973,52858,"Payroll Tax",0
"LOCAL",1974,0,"Payroll Tax",NA
"LOCAL",1975,61064,"Payroll Tax",0
"LOCAL",1976,0,"Payroll Tax",NA
"LOCAL",1977,74832,"Payroll Tax",0
"LOCAL",1978,0,"Payroll Tax",NA
"LOCAL",1979,80650,"Payroll Tax",0
"LOCAL",1980,86436,"Payroll Tax",0
"LOCAL",1981,94829,"Payroll Tax",0
"LOCAL",1982,103703,"Payroll Tax",0
"LOCAL",1983,113202,"Payroll Tax",0
"LOCAL",1984,123451,"Payroll Tax",0
"LOCAL",1985,134523,"Payroll Tax",0
"LOCAL",1986,145055,"Payroll Tax",0
"LOCAL",1987,158275,"Payroll Tax",0
"LOCAL",1988,171659,"Payroll Tax",0
"LOCAL",1989,184534,"Payroll Tax",0
"LOCAL",1990,213582,"Payroll Tax",0
"LOCAL",1991,230155,"Payroll Tax",0
"LOCAL",1992,241021,"Payroll Tax",0
"LOCAL",1993,247706,"Payroll Tax",0
"LOCAL",1994,263799,"Payroll Tax",0
"LOCAL",1995,270694,"Payroll Tax",0
"LOCAL",1996,283751,"Payroll Tax",0
"LOCAL",1997,300807,"Payroll Tax",0
"LOCAL",1998,314248,"Payroll Tax",0
"LOCAL",1999,332575,"Payroll Tax",0
"LOCAL",2000,353181,"Payroll Tax",0
"LOCAL",2001,367567,"Payroll Tax",0
"LOCAL",2002,392425,"Payroll Tax",0
"LOCAL",2003,417280,"Payroll Tax",0
"LOCAL",2004,454110,"Payroll Tax",0
"LOCAL",2005,496312,"Payroll Tax",0
"LOCAL",2006,530643,"Payroll Tax",0
"LOCAL",2007,564556,"Payroll Tax",0
"LOCAL",2008,570910,"Payroll Tax",0
"LOCAL",2009,583896,"Payroll Tax",0
"LOCAL",2010,587198,"Payroll Tax",0
"LOCAL",2011,595836,"Payroll Tax",0
"LOCAL",2012,609898,"Payroll Tax",0
"LOCAL",2013,628154,"Payroll Tax",0
"LOCAL",2014,656778,"Payroll Tax",0
"LOCAL",2015,677011,"Payroll Tax",0
"LOCAL",2016,705704,"Payroll Tax",0
"LOCAL",2017,739934,"Payroll Tax",0
"LOCAL",2018,770880,"Payroll Tax",NA
"NES",1965,167022,"Payroll Tax",0
"NES",1966,186065,"Payroll Tax",0
"NES",1967,208577,"Payroll Tax",0
"NES",1968,218623,"Payroll Tax",0
"NES",1969,261468,"Payroll Tax",0
"NES",1970,276727,"Payroll Tax",0
"NES",1971,278738,"Payroll Tax",0
"NES",1972,313091,"Payroll Tax",0
"NES",1973,348794,"Payroll Tax",0
"NES",1974,389542,"Payroll Tax",0
"NES",1975,415386,"Payroll Tax",0
"NES",1976,450017,"Payroll Tax",0
"NES",1977,525970,"Payroll Tax",0
"NES",1978,588261,"Payroll Tax",0
"NES",1979,662519,"Payroll Tax",0
"NES",1980,730672,"Payroll Tax",0
"NES",1981,832930,"Payroll Tax",0
"NES",1982,871205,"Payroll Tax",0
"NES",1983,872628,"Payroll Tax",0
"NES",1984,973472,"Payroll Tax",0
"NES",1985,1069914,"Payroll Tax",0
"NES",1986,1127958,"Payroll Tax",0
"NES",1987,1247323,"Payroll Tax",0
"NES",1988,1334154,"Payroll Tax",0
"NES",1989,1447778,"Payroll Tax",0
"NES",1990,1552412,"Payroll Tax",0
"NES",1991,1592210,"Payroll Tax",NA
"NES",1992,1678735,"Payroll Tax",NA
"NES",1993,1779818,"Payroll Tax",NA
"NES",1994,1915492,"Payroll Tax",NA
"NES",1995,2028326,"Payroll Tax",NA
"NES",1996,2183329,"Payroll Tax",NA
"NES",1997,2357489,"Payroll Tax",NA
"NES",1998,2525495,"Payroll Tax",NA
"NES",1999,2690195,"Payroll Tax",NA
"NES",2000,2900519,"Payroll Tax",0
"NES",2001,2884729,"Payroll Tax",NA
"NES",2002,2733431,"Payroll Tax",NA
"NES",2003,2805007,"Payroll Tax",NA
"NES",2004,3025256,"Payroll Tax",NA
"NES",2005,3402866,"Payroll Tax",NA
"NES",2006,3699160,"Payroll Tax",NA
"NES",2007,3868611,"Payroll Tax",0.00736698520476729
"NES",2008,3787414,"Payroll Tax",0.00710247150166314
"NES",2009,3317017,"Payroll Tax",0.00928545135584171
"NES",2010,3517143,"Payroll Tax",0.0649675034537976
"NES",2011,3706689,"Payroll Tax",0.0475896413214057
"NES",2012,3887232,"Payroll Tax",0.043630017452007
"NES",2013,4291752,"Payroll Tax",0.037071107557007
"NES",2014,4544361,"Payroll Tax",0.0363747510376046
"NES",2015,4765481,"Payroll Tax",0.0366174998914066
"NES",2016,4841949,"Payroll Tax",0.0387447286206443
"NES",2017,5227338,"Payroll Tax",0.0392169016046026
"NES",2018,5007164,"Payroll Tax",0.0417401946491068
"SOCSEC",1973,63404,"Payroll Tax",0
"SOCSEC",1974,75476,"Payroll Tax",0
"SOCSEC",1975,85039,"Payroll Tax",0
"SOCSEC",1976,91386,"Payroll Tax",0
"SOCSEC",1977,107735,"Payroll Tax",0
"SOCSEC",1978,122748,"Payroll Tax",0
"SOCSEC",1979,141162,"Payroll Tax",0
"SOCSEC",1980,159763,"Payroll Tax",0
"SOCSEC",1981,185373,"Payroll Tax",0
"SOCSEC",1982,203846,"Payroll Tax",0
"SOCSEC",1983,211491,"Payroll Tax",0
"SOCSEC",1984,242555,"Payroll Tax",0
"SOCSEC",1985,269144,"Payroll Tax",0
"SOCSEC",1986,289039,"Payroll Tax",0
"SOCSEC",1987,310185,"Payroll Tax",0
"SOCSEC",1988,343186,"Payroll Tax",0
"SOCSEC",1989,370413,"Payroll Tax",0
"SOCSEC",1990,396972,"Payroll Tax",0
"SOCSEC",1991,415220,"Payroll Tax",0
"SOCSEC",1992,437751,"Payroll Tax",0
"SOCSEC",1993,458174,"Payroll Tax",0
"SOCSEC",1994,487580,"Payroll Tax",0
"SOCSEC",1995,510476,"Payroll Tax",0
"SOCSEC",1996,533666,"Payroll Tax",0
"SOCSEC",1997,565504,"Payroll Tax",0
"SOCSEC",1998,602915,"Payroll Tax",0
"SOCSEC",1999,638518,"Payroll Tax",0
"SOCSEC",2000,683104,"Payroll Tax",0
"SOCSEC",2001,707932,"Payroll Tax",0
"SOCSEC",2002,723678,"Payroll Tax",0
"SOCSEC",2003,748486,"Payroll Tax",0
"SOCSEC",2004,794037,"Payroll Tax",0
"SOCSEC",2005,831410,"Payroll Tax",0
"SOCSEC",2006,873157,"Payroll Tax",0
"SOCSEC",2007,907357,"Payroll Tax",0
"SOCSEC",2008,930149,"Payroll Tax",0
"SOCSEC",2009,902378,"Payroll Tax",0
"SOCSEC",2010,917409,"Payroll Tax",0
"SOCSEC",2011,847151,"Payroll Tax",0
"SOCSEC",2012,880301,"Payroll Tax",0
"SOCSEC",2013,1030098,"Payroll Tax",0
"SOCSEC",2014,1077038,"Payroll Tax",0
"SOCSEC",2015,1126110,"Payroll Tax",0
"SOCSEC",2016,1153644,"Payroll Tax",0
"SOCSEC",2017,1204452,"Payroll Tax",0
"SOCSEC",2018,1256673,"Payroll Tax",NA
"STATE",1973,68686,"Payroll Tax",0
"STATE",1974,131164,"Payroll Tax",0
"STATE",1975,80825,"Payroll Tax",0
"STATE",1976,157274,"Payroll Tax",0
"STATE",1977,101517,"Payroll Tax",0
"STATE",1978,194077,"Payroll Tax",0
"STATE",1979,125342,"Payroll Tax",0
"STATE",1980,137633,"Payroll Tax",0
"STATE",1981,150239,"Payroll Tax",0
"STATE",1982,163106,"Payroll Tax",0
"STATE",1983,171881,"Payroll Tax",0
"STATE",1984,197243,"Payroll Tax",0
"STATE",1985,215684,"Payroll Tax",0
"STATE",1986,228445,"Payroll Tax",0
"STATE",1987,247275,"Payroll Tax",0
"STATE",1988,264468,"Payroll Tax",0
"STATE",1989,284555,"Payroll Tax",0
"STATE",1990,309698,"Payroll Tax",0
"STATE",1991,318718,"Payroll Tax",0
"STATE",1992,343258,"Payroll Tax",0
"STATE",1993,361766,"Payroll Tax",0
"STATE",1994,385542,"Payroll Tax",0
"STATE",1995,406510,"Payroll Tax",0
"STATE",1996,431464,"Payroll Tax",0
"STATE",1997,455522,"Payroll Tax",0
"STATE",1998,487915,"Payroll Tax",0
"STATE",1999,515794,"Payroll Tax",0
"STATE",2000,547601,"Payroll Tax",0
"STATE",2001,554455,"Payroll Tax",0
"STATE",2002,538840,"Payroll Tax",0
"STATE",2003,563400,"Payroll Tax",0
"STATE",2004,611896,"Payroll Tax",0
"STATE",2005,682331,"Payroll Tax",0
"STATE",2006,732750,"Payroll Tax",0
"STATE",2007,762570,"Payroll Tax",0.0373736181596444
"STATE",2008,768576,"Payroll Tax",0.0349997918227996
"STATE",2009,686466,"Payroll Tax",0.0448674806909592
"STATE",2010,723859,"Payroll Tax",0.315669211821639
"STATE",2011,775654,"Payroll Tax",0.227420989255519
"STATE",2012,810008,"Payroll Tax",0.209380648092365
"STATE",2013,867741,"Payroll Tax",0.183349640042363
"STATE",2014,891672,"Payroll Tax",0.185382068742766
"STATE",2015,920951,"Payroll Tax",0.189478050406591
"STATE",2016,928070,"Payroll Tax",0.202139924790156
"STATE",2017,954881,"Payroll Tax",0.214686437367588
"STATE",2018,999258,"Payroll Tax",0.20915519315332
"FED",1973,163846,"Property Tax",3.04310144892155
"FED",1974,182902,"Property Tax",2.78673825327224
"FED",1975,188458,"Property Tax",2.44776024366172
"FED",1976,201357,"Property Tax",2.59092060370387
"FED",1977,241886,"Property Tax",3.02911288788934
"FED",1978,271436,"Property Tax",1.94705197541962
"FED",1979,315365,"Property Tax",1.71578964057521
"FED",1980,346840,"Property Tax",1.84234805674086
"FED",1981,402489,"Property Tax",1.68625726417368
"FED",1982,400550,"Property Tax",1.99500686555986
"FED",1983,376054,"Property Tax",1.60960925824483
"FED",1984,410223,"Property Tax",1.46505681056401
"FED",1985,450563,"Property Tax",1.42532786757901
"FED",1986,465419,"Property Tax",1.49499698121478
"FED",1987,531588,"Property Tax",1.40955025320361
"FED",1988,554841,"Property Tax",1.36868039672627
"FED",1989,608276,"Property Tax",1.437669742025
"FED",1990,632160,"Property Tax",1.83450392305745
"FED",1991,628116,"Property Tax",1.75126887390227
"FED",1992,656705,"Property Tax",1.71781850298079
"FED",1993,712171,"Property Tax",1.81178396761452
"FED",1994,778571,"Property Tax",1.94047813237328
"FED",1995,840645,"Property Tax",1.77815843786616
"FED",1996,934446,"Property Tax",1.87159022565242
"FED",1997,1035654,"Property Tax",1.98560523109069
"FED",1998,1120417,"Property Tax",2.24550323674132
"FED",1999,1203307,"Property Tax",2.39091104763788
"FED",2000,1316632,"Property Tax",2.13430935903123
"FED",2001,1254773,"Property Tax",2.22757423055804
"FED",2002,1078486,"Property Tax",2.34606661560743
"FED",2003,1075839,"Property Tax",2.04268482551757
"FED",2004,1165211,"Property Tax",2.11249293046495
"FED",2005,1392812,"Property Tax",1.79414019982596
"FED",2006,1562608,"Property Tax",1.78118888422432
"FED",2007,1634127,"Property Tax",1.61988633686366
"FED",2008,1517778,"Property Tax",1.86213003482723
"FED",2009,1144276,"Property Tax",1.80122627757639
"FED",2010,1288676,"Property Tax",1.17011568462515
"FED",2011,1488047,"Property Tax",0.648097808738568
"FED",2012,1587024,"Property Tax",0.8868170865721
"FED",2013,1765757,"Property Tax",1.18204260269108
"FED",2014,1918871,"Property Tax",0.979377977988098
"FED",2015,2041407,"Property Tax",0.989072732678981
"FED",2016,2054530,"Property Tax",0.97603831533246
"FED",2017,2328070,"Property Tax",11.7329375834919
"FED",2018,1980351,"Property Tax",1.1789829176747
"LOCAL",1973,52858,"Property Tax",83.1851375383102
"LOCAL",1974,0,"Property Tax",NA
"LOCAL",1975,61064,"Property Tax",81.9468099043626
"LOCAL",1976,0,"Property Tax",NA
"LOCAL",1977,74832,"Property Tax",80.5470921530896
"LOCAL",1978,0,"Property Tax",NA
"LOCAL",1979,80650,"Property Tax",77.4370737755735
"LOCAL",1980,86436,"Property Tax",75.9024017770373
"LOCAL",1981,94829,"Property Tax",75.9472313321874
"LOCAL",1982,103703,"Property Tax",75.9910513678486
"LOCAL",1983,113202,"Property Tax",75.946538047031
"LOCAL",1984,123451,"Property Tax",75.0054677564378
"LOCAL",1985,134523,"Property Tax",74.1672427763282
"LOCAL",1986,145055,"Property Tax",74.0105477232774
"LOCAL",1987,158275,"Property Tax",73.7387458537356
"LOCAL",1988,171659,"Property Tax",74.1510785918594
"LOCAL",1989,184534,"Property Tax",74.3478166625121
"LOCAL",1990,213582,"Property Tax",74.2595349795395
"LOCAL",1991,230155,"Property Tax",75.1363211748604
"LOCAL",1992,241021,"Property Tax",74.8731438339398
"LOCAL",1993,247706,"Property Tax",73.973985289012
"LOCAL",1994,263799,"Property Tax",73.6818562617751
"LOCAL",1995,270694,"Property Tax",72.9207149031748
"LOCAL",1996,283751,"Property Tax",72.7141049723173
"LOCAL",1997,300807,"Property Tax",72.3886079778729
"LOCAL",1998,314248,"Property Tax",71.5482676102951
"LOCAL",1999,332575,"Property Tax",71.0035330376607
"LOCAL",2000,353181,"Property Tax",70.6569719209131
"LOCAL",2001,367567,"Property Tax",71.5075074748277
"LOCAL",2002,392425,"Property Tax",72.8760909727973
"LOCAL",2003,417280,"Property Tax",73.6685199386503
"LOCAL",2004,454110,"Property Tax",72.7841271938517
"LOCAL",2005,496312,"Property Tax",72.4028433727172
"LOCAL",2006,530643,"Property Tax",71.9947309207886
"LOCAL",2007,564556,"Property Tax",72.5070675008325
"LOCAL",2008,570910,"Property Tax",73.3718099175001
"LOCAL",2009,583896,"Property Tax",74.7705070766027
"LOCAL",2010,587198,"Property Tax",74.1259336714362
"LOCAL",2011,595836,"Property Tax",73.3567625991045
"LOCAL",2012,609898,"Property Tax",72.6423106814582
"LOCAL",2013,628154,"Property Tax",72.3806582462262
"LOCAL",2014,656778,"Property Tax",72.0579861079391
"LOCAL",2015,677011,"Property Tax",71.9273394376162
"LOCAL",2016,705704,"Property Tax",71.970826295444
"LOCAL",2017,739934,"Property Tax",71.9927723283428
"LOCAL",2018,770880,"Property Tax",71.8965338314653
"NES",1965,167022,"Property Tax",15.8835363006071
"NES",1966,186065,"Property Tax",15.4558890710236
"NES",1967,208577,"Property Tax",14.5226942567972
"NES",1968,218623,"Property Tax",14.6759490081099
"NES",1969,261468,"Property Tax",13.6464117980021
"NES",1970,276727,"Property Tax",14.1522149988978
"NES",1971,278738,"Property Tax",15.4768994539675
"NES",1972,313091,"Property Tax",15.7909361814936
"NES",1973,348794,"Property Tax",14.98362930555
"NES",1974,389542,"Property Tax",14.0624117553435
"NES",1975,415386,"Property Tax",13.9477498037969
"NES",1976,450017,"Property Tax",14.2830159749521
"NES",1977,525970,"Property Tax",13.7456508926365
"NES",1978,588261,"Property Tax",12.6297680791349
"NES",1979,662519,"Property Tax",11.0502491249308
"NES",1980,730672,"Property Tax",10.6631977138853
"NES",1981,832930,"Property Tax",10.1865703000252
"NES",1982,871205,"Property Tax",10.671311574199
"NES",1983,872628,"Property Tax",11.291065608713
"NES",1984,973472,"Property Tax",10.8792035107327
"NES",1985,1069914,"Property Tax",10.6640346794228
"NES",1986,1127958,"Property Tax",10.9130836431853
"NES",1987,1247323,"Property Tax",10.7814896382092
"NES",1988,1334154,"Property Tax",10.9077362883145
"NES",1989,1447778,"Property Tax",10.8609883559496
"NES",1990,1552412,"Property Tax",11.7499735894853
"NES",1991,1592210,"Property Tax",12.3558450204433
"NES",1992,1678735,"Property Tax",12.2827009623318
"NES",1993,1779818,"Property Tax",11.8544705132772
"NES",1994,1915492,"Property Tax",11.803651490061
"NES",1995,2028326,"Property Tax",11.3009447199316
"NES",1996,2183329,"Property Tax",11.1248007057113
"NES",1997,2357489,"Property Tax",10.9442292201575
"NES",1998,2525495,"Property Tax",10.7808568221279
"NES",1999,2690195,"Property Tax",10.7433847732228
"NES",2000,2900519,"Property Tax",10.3273241788797
"NES",2001,2884729,"Property Tax",10.8751636635538
"NES",2002,2733431,"Property Tax",12.2282581854087
"NES",2003,2805007,"Property Tax",12.6417866336875
"NES",2004,3025256,"Property Tax",12.5709030905153
"NES",2005,3402866,"Property Tax",12.1409717573363
"NES",2006,3699160,"Property Tax",11.853258577623
"NES",2007,3868611,"Property Tax",11.9694381265007
"NES",2008,3787414,"Property Tax",12.4436884903525
"NES",2009,3317017,"Property Tax",14.450785148222
"NES",2010,3517143,"Property Tax",13.4603853184246
"NES",2011,3706689,"Property Tax",12.6741682401734
"NES",2012,3887232,"Property Tax",12.3668718512299
"NES",2013,4291752,"Property Tax",11.7252814235305
"NES",2014,4544361,"Property Tax",11.4477921098258
"NES",2015,4765481,"Property Tax",11.2505956901308
"NES",2016,4841949,"Property Tax",11.5460736988349
"NES",2017,5227338,"Property Tax",16.0257094528802
"NES",2018,5007164,"Property Tax",12.2010782950189
"SOCSEC",1973,63404,"Property Tax",0
"SOCSEC",1974,75476,"Property Tax",0
"SOCSEC",1975,85039,"Property Tax",0
"SOCSEC",1976,91386,"Property Tax",0
"SOCSEC",1977,107735,"Property Tax",0
"SOCSEC",1978,122748,"Property Tax",0
"SOCSEC",1979,141162,"Property Tax",0
"SOCSEC",1980,159763,"Property Tax",0
"SOCSEC",1981,185373,"Property Tax",0
"SOCSEC",1982,203846,"Property Tax",0
"SOCSEC",1983,211491,"Property Tax",0
"SOCSEC",1984,242555,"Property Tax",0
"SOCSEC",1985,269144,"Property Tax",0
"SOCSEC",1986,289039,"Property Tax",0
"SOCSEC",1987,310185,"Property Tax",0
"SOCSEC",1988,343186,"Property Tax",0
"SOCSEC",1989,370413,"Property Tax",0
"SOCSEC",1990,396972,"Property Tax",0
"SOCSEC",1991,415220,"Property Tax",0
"SOCSEC",1992,437751,"Property Tax",0
"SOCSEC",1993,458174,"Property Tax",0
"SOCSEC",1994,487580,"Property Tax",0
"SOCSEC",1995,510476,"Property Tax",0
"SOCSEC",1996,533666,"Property Tax",0
"SOCSEC",1997,565504,"Property Tax",0
"SOCSEC",1998,602915,"Property Tax",0
"SOCSEC",1999,638518,"Property Tax",0
"SOCSEC",2000,683104,"Property Tax",0
"SOCSEC",2001,707932,"Property Tax",0
"SOCSEC",2002,723678,"Property Tax",0
"SOCSEC",2003,748486,"Property Tax",0
"SOCSEC",2004,794037,"Property Tax",0
"SOCSEC",2005,831410,"Property Tax",0
"SOCSEC",2006,873157,"Property Tax",0
"SOCSEC",2007,907357,"Property Tax",0
"SOCSEC",2008,930149,"Property Tax",0
"SOCSEC",2009,902378,"Property Tax",0
"SOCSEC",2010,917409,"Property Tax",0
"SOCSEC",2011,847151,"Property Tax",0
"SOCSEC",2012,880301,"Property Tax",0
"SOCSEC",2013,1030098,"Property Tax",0
"SOCSEC",2014,1077038,"Property Tax",0
"SOCSEC",2015,1126110,"Property Tax",0
"SOCSEC",2016,1153644,"Property Tax",0
"SOCSEC",2017,1204452,"Property Tax",0
"SOCSEC",2018,1256673,"Property Tax",0
"STATE",1973,68686,"Property Tax",4.81320793174737
"STATE",1974,131164,"Property Tax",37.8777713396969
"STATE",1975,80825,"Property Tax",4.06309928858645
"STATE",1976,157274,"Property Tax",37.5516614316416
"STATE",1977,101517,"Property Tax",4.62582621629875
"STATE",1978,194077,"Property Tax",35.5585669605363
"STATE",1979,125342,"Property Tax",4.26513060267109
"STATE",1980,137633,"Property Tax",4.29838774131204
"STATE",1981,150239,"Property Tax",4.02026105072584
"STATE",1982,163106,"Property Tax",3.78465537748458
"STATE",1983,171881,"Property Tax",3.78343156020735
"STATE",1984,197243,"Property Tax",3.7015255294231
"STATE",1985,215684,"Property Tax",3.66369318076445
"STATE",1986,228445,"Property Tax",3.8438136094027
"STATE",1987,247275,"Property Tax",4.15610150641998
"STATE",1988,264468,"Property Tax",4.02506163316545
"STATE",1989,284555,"Property Tax",3.97146421605665
"STATE",1990,309698,"Property Tax",3.94125890383535
"STATE",1991,318718,"Property Tax",4.01640321538162
"STATE",1992,343258,"Property Tax",4.21053551555972
"STATE",1993,361766,"Property Tax",4.10403409939021
"STATE",1994,385542,"Property Tax",4.31029563575434
"STATE",1995,406510,"Property Tax",4.15241937467713
"STATE",1996,431464,"Property Tax",4.42099456733354
"STATE",1997,455522,"Property Tax",4.32361115379718
"STATE",1998,487915,"Property Tax",4.56472951231259
"STATE",1999,515794,"Property Tax",4.67395898362525
"STATE",2000,547601,"Property Tax",3.99889700712745
"STATE",2001,554455,"Property Tax",4.13559260895835
"STATE",2002,538840,"Property Tax",4.26193304134808
"STATE",2003,563400,"Property Tax",4.47692580759673
"STATE",2004,611896,"Property Tax",4.11295383529227
"STATE",2005,682331,"Property Tax",4.22199782803361
"STATE",2006,732750,"Property Tax",3.90351415899011
"STATE",2007,762570,"Property Tax",3.57173767654117
"STATE",2008,768576,"Property Tax",3.1413939545341
"STATE",2009,686466,"Property Tax",3.22550570603642
"STATE",2010,723859,"Property Tax",3.18791366826965
"STATE",2011,775654,"Property Tax",2.97323291055032
"STATE",2012,810008,"Property Tax",2.91490948237548
"STATE",2013,867741,"Property Tax",3.19058336531292
"STATE",2014,891672,"Property Tax",3.15979418440862
"STATE",2015,920951,"Property Tax",3.14870172245863
"STATE",2016,928070,"Property Tax",3.35114808150247
"STATE",2017,954881,"Property Tax",3.33737921269771
"STATE",2018,999258,"Property Tax",3.33677588770868
"FED",1973,163846,"Taxes on Service and Goods",11.8306214372032
"FED",1974,182902,"Taxes on Service and Goods",11.0239363156226
"FED",1975,188458,"Taxes on Service and Goods",11.0226151184879
"FED",1976,201357,"Taxes on Service and Goods",11.4557725830242
"FED",1977,241886,"Taxes on Service and Goods",9.45114640781194
"FED",1978,271436,"Taxes on Service and Goods",9.24932580792526
"FED",1979,315365,"Taxes on Service and Goods",8.35634899243733
"FED",1980,346840,"Taxes on Service and Goods",9.13908430400184
"FED",1981,402489,"Taxes on Service and Goods",12.1518848962332
"FED",1982,400550,"Taxes on Service and Goods",11.2665085507427
"FED",1983,376054,"Taxes on Service and Goods",11.6765145431241
"FED",1984,410223,"Taxes on Service and Goods",11.8647662369004
"FED",1985,450563,"Taxes on Service and Goods",10.6593306596414
"FED",1986,465419,"Taxes on Service and Goods",9.91214368128503
"FED",1987,531588,"Taxes on Service and Goods",8.90990767285943
"FED",1988,554841,"Taxes on Service and Goods",9.2954558152696
"FED",1989,608276,"Taxes on Service and Goods",8.2521749995068
"FED",1990,632160,"Taxes on Service and Goods",8.05365730194887
"FED",1991,628116,"Taxes on Service and Goods",9.83337472696126
"FED",1992,656705,"Taxes on Service and Goods",9.63826984719166
"FED",1993,712171,"Taxes on Service and Goods",9.31770600038474
"FED",1994,778571,"Taxes on Service and Goods",10.1449964100898
"FED",1995,840645,"Taxes on Service and Goods",8.987503643036
"FED",1996,934446,"Taxes on Service and Goods",7.79638416773147
"FED",1997,1035654,"Taxes on Service and Goods",7.51563746193227
"FED",1998,1120417,"Taxes on Service and Goods",7.20249692748325
"FED",1999,1203307,"Taxes on Service and Goods",6.93355893383816
"FED",2000,1316632,"Taxes on Service and Goods",6.62683270648139
"FED",2001,1254773,"Taxes on Service and Goods",6.79668752834178
"FED",2002,1078486,"Taxes on Service and Goods",8.05054493057861
"FED",2003,1075839,"Taxes on Service and Goods",8.38480478956424
"FED",2004,1165211,"Taxes on Service and Goods",8.17560081392984
"FED",2005,1392812,"Taxes on Service and Goods",7.13743132597939
"FED",2006,1562608,"Taxes on Service and Goods",6.35136899337518
"FED",2007,1634127,"Taxes on Service and Goods",5.79055361058229
"FED",2008,1517778,"Taxes on Service and Goods",6.19240758529904
"FED",2009,1144276,"Taxes on Service and Goods",7.98609775963142
"FED",2010,1288676,"Taxes on Service and Goods",7.50995595479391
"FED",2011,1488047,"Taxes on Service and Goods",7.2997022271474
"FED",2012,1587024,"Taxes on Service and Goods",7.25660103438889
"FED",2013,1765757,"Taxes on Service and Goods",7.10613068502631
"FED",2014,1918871,"Taxes on Service and Goods",7.10469854409181
"FED",2015,2041407,"Taxes on Service and Goods",6.87618882466848
"FED",2016,2054530,"Taxes on Service and Goods",6.69992650387193
"FED",2017,2328070,"Taxes on Service and Goods",5.64690924241969
"FED",2018,1980351,"Taxes on Service and Goods",8.09240382134278
"LOCAL",1973,52858,"Taxes on Service and Goods",12.2630443830641
"LOCAL",1974,0,"Taxes on Service and Goods",NA
"LOCAL",1975,61064,"Taxes on Service and Goods",13.7380453294904
"LOCAL",1976,0,"Taxes on Service and Goods",NA
"LOCAL",1977,74832,"Taxes on Service and Goods",14.4390100491768
"LOCAL",1978,0,"Taxes on Service and Goods",NA
"LOCAL",1979,80650,"Taxes on Service and Goods",17.2200867947923
"LOCAL",1980,86436,"Taxes on Service and Goods",18.324540700634
"LOCAL",1981,94829,"Taxes on Service and Goods",18.2201647175442
"LOCAL",1982,103703,"Taxes on Service and Goods",18.1219443989084
"LOCAL",1983,113202,"Taxes on Service and Goods",18.3592162682638
"LOCAL",1984,123451,"Taxes on Service and Goods",19.149298102081
"LOCAL",1985,134523,"Taxes on Service and Goods",19.905146331854
"LOCAL",1986,145055,"Taxes on Service and Goods",20.1040984454173
"LOCAL",1987,158275,"Taxes on Service and Goods",20.1560574948665
"LOCAL",1988,171659,"Taxes on Service and Goods",19.8649648430901
"LOCAL",1989,184534,"Taxes on Service and Goods",19.665210747071
"LOCAL",1990,213582,"Taxes on Service and Goods",20.1613431843507
"LOCAL",1991,230155,"Taxes on Service and Goods",19.4664465251678
"LOCAL",1992,241021,"Taxes on Service and Goods",19.5265142871368
"LOCAL",1993,247706,"Taxes on Service and Goods",20.4867867552663
"LOCAL",1994,263799,"Taxes on Service and Goods",20.8143321240793
"LOCAL",1995,270694,"Taxes on Service and Goods",21.244283212779
"LOCAL",1996,283751,"Taxes on Service and Goods",21.3782506493369
"LOCAL",1997,300807,"Taxes on Service and Goods",21.6012260352984
"LOCAL",1998,314248,"Taxes on Service and Goods",22.2155749599043
"LOCAL",1999,332575,"Taxes on Service and Goods",22.8053822446065
"LOCAL",2000,353181,"Taxes on Service and Goods",23.2209546946183
"LOCAL",2001,367567,"Taxes on Service and Goods",22.8984103578395
"LOCAL",2002,392425,"Taxes on Service and Goods",21.899471236542
"LOCAL",2003,417280,"Taxes on Service and Goods",21.0194593558282
"LOCAL",2004,454110,"Taxes on Service and Goods",21.6403514566955
"LOCAL",2005,496312,"Taxes on Service and Goods",21.9007398571866
"LOCAL",2006,530643,"Taxes on Service and Goods",22.0149893619628
"LOCAL",2007,564556,"Taxes on Service and Goods",21.4145275225133
"LOCAL",2008,570910,"Taxes on Service and Goods",20.9290431066193
"LOCAL",2009,583896,"Taxes on Service and Goods",19.9405373559675
"LOCAL",2010,587198,"Taxes on Service and Goods",20.3340270232528
"LOCAL",2011,595836,"Taxes on Service and Goods",20.9779200988191
"LOCAL",2012,609898,"Taxes on Service and Goods",21.3816080721694
"LOCAL",2013,628154,"Taxes on Service and Goods",21.6144448654311
"LOCAL",2014,656778,"Taxes on Service and Goods",21.8650746523178
"LOCAL",2015,677011,"Taxes on Service and Goods",22.1569516595742
"LOCAL",2016,705704,"Taxes on Service and Goods",22.2176719984583
"LOCAL",2017,739934,"Taxes on Service and Goods",22.2246849043293
"LOCAL",2018,770880,"Taxes on Service and Goods",22.3426473640515
"NES",1965,167022,"Taxes on Service and Goods",22.7616721150507
"NES",1966,186065,"Taxes on Service and Goods",21.1614220836804
"NES",1967,208577,"Taxes on Service and Goods",20.0271362614286
"NES",1968,218623,"Taxes on Service and Goods",20.6602233067884
"NES",1969,261468,"Taxes on Service and Goods",19.2539813667447
"NES",1970,276727,"Taxes on Service and Goods",19.9521550119793
"NES",1971,278738,"Taxes on Service and Goods",21.4681887650769
"NES",1972,313091,"Taxes on Service and Goods",20.5240648884829
"NES",1973,348794,"Taxes on Service and Goods",20.1161717231374
"NES",1974,389542,"Taxes on Service and Goods",19.5249806182645
"NES",1975,415386,"Taxes on Service and Goods",19.5466385482419
"NES",1976,450017,"Taxes on Service and Goods",19.851472277714
"NES",1977,525970,"Taxes on Service and Goods",18.2177690742818
"NES",1978,588261,"Taxes on Service and Goods",18.0630706438129
"NES",1979,662519,"Taxes on Service and Goods",17.4315000777336
"NES",1980,730672,"Taxes on Service and Goods",17.6336304114569
"NES",1981,832930,"Taxes on Service and Goods",18.6507869808988
"NES",1982,871205,"Taxes on Service and Goods",18.4962207517174
"NES",1983,872628,"Taxes on Service and Goods",19.1523764994935
"NES",1984,973472,"Taxes on Service and Goods",19.2918748561849
"NES",1985,1069914,"Taxes on Service and Goods",18.8150636406291
"NES",1986,1127958,"Taxes on Service and Goods",18.5403179905635
"NES",1987,1247323,"Taxes on Service and Goods",17.6037000841001
"NES",1988,1334154,"Taxes on Service and Goods",17.8150348460523
"NES",1989,1447778,"Taxes on Service and Goods",17.064701908718
"NES",1990,1552412,"Taxes on Service and Goods",17.4760952633708
"NES",1991,1592210,"Taxes on Service and Goods",18.1851640173093
"NES",1992,1678735,"Taxes on Service and Goods",18.3413701388248
"NES",1993,1779818,"Taxes on Service and Goods",18.2386626048281
"NES",1994,1915492,"Taxes on Service and Goods",18.5396754463083
"NES",1995,2028326,"Taxes on Service and Goods",17.9997199661198
"NES",1996,2183329,"Taxes on Service and Goods",17.2817747577209
"NES",1997,2357489,"Taxes on Service and Goods",16.8785092952714
"NES",1998,2525495,"Taxes on Service and Goods",16.543133128357
"NES",1999,2690195,"Taxes on Service and Goods",16.364055393754
"NES",2000,2900519,"Taxes on Service and Goods",15.9972404938564
"NES",2001,2884729,"Taxes on Service and Goods",16.2701245073627
"NES",2002,2733431,"Taxes on Service and Goods",17.5234714174237
"NES",2003,2805007,"Taxes on Service and Goods",17.8783867562541
"NES",2004,3025256,"Taxes on Service and Goods",17.9320031098195
"NES",2005,3402866,"Taxes on Service and Goods",17.217898089434
"NES",2006,3699160,"Taxes on Service and Goods",16.7216881670433
"NES",2007,3868611,"Taxes on Service and Goods",16.3550173434341
"NES",2008,3787414,"Taxes on Service and Goods",16.8629571522944
"NES",2009,3317017,"Taxes on Service and Goods",18.0668654999356
"NES",2010,3517143,"Taxes on Service and Goods",18.0637523126015
"NES",2011,3706689,"Taxes on Service and Goods",18.2299351253909
"NES",2012,3887232,"Taxes on Service and Goods",18.0841791794264
"NES",2013,4291752,"Taxes on Service and Goods",17.2529074373356
"NES",2014,4544361,"Taxes on Service and Goods",17.0487996002078
"NES",2015,4765481,"Taxes on Service and Goods",16.5785573376538
"NES",2016,4841949,"Taxes on Service and Goods",16.554862515074
"NES",2017,5227338,"Taxes on Service and Goods",15.6872197665427
"NES",2018,5007164,"Taxes on Service and Goods",17.5844649785787
"SOCSEC",1973,63404,"Taxes on Service and Goods",0
"SOCSEC",1974,75476,"Taxes on Service and Goods",0
"SOCSEC",1975,85039,"Taxes on Service and Goods",0
"SOCSEC",1976,91386,"Taxes on Service and Goods",0
"SOCSEC",1977,107735,"Taxes on Service and Goods",0
"SOCSEC",1978,122748,"Taxes on Service and Goods",0
"SOCSEC",1979,141162,"Taxes on Service and Goods",0
"SOCSEC",1980,159763,"Taxes on Service and Goods",0
"SOCSEC",1981,185373,"Taxes on Service and Goods",0
"SOCSEC",1982,203846,"Taxes on Service and Goods",0
"SOCSEC",1983,211491,"Taxes on Service and Goods",0
"SOCSEC",1984,242555,"Taxes on Service and Goods",0
"SOCSEC",1985,269144,"Taxes on Service and Goods",0
"SOCSEC",1986,289039,"Taxes on Service and Goods",0
"SOCSEC",1987,310185,"Taxes on Service and Goods",0
"SOCSEC",1988,343186,"Taxes on Service and Goods",0
"SOCSEC",1989,370413,"Taxes on Service and Goods",0
"SOCSEC",1990,396972,"Taxes on Service and Goods",0
"SOCSEC",1991,415220,"Taxes on Service and Goods",0
"SOCSEC",1992,437751,"Taxes on Service and Goods",0
"SOCSEC",1993,458174,"Taxes on Service and Goods",0
"SOCSEC",1994,487580,"Taxes on Service and Goods",0
"SOCSEC",1995,510476,"Taxes on Service and Goods",0
"SOCSEC",1996,533666,"Taxes on Service and Goods",0
"SOCSEC",1997,565504,"Taxes on Service and Goods",0
"SOCSEC",1998,602915,"Taxes on Service and Goods",0
"SOCSEC",1999,638518,"Taxes on Service and Goods",0
"SOCSEC",2000,683104,"Taxes on Service and Goods",0
"SOCSEC",2001,707932,"Taxes on Service and Goods",0
"SOCSEC",2002,723678,"Taxes on Service and Goods",0
"SOCSEC",2003,748486,"Taxes on Service and Goods",0
"SOCSEC",2004,794037,"Taxes on Service and Goods",0
"SOCSEC",2005,831410,"Taxes on Service and Goods",0
"SOCSEC",2006,873157,"Taxes on Service and Goods",0
"SOCSEC",2007,907357,"Taxes on Service and Goods",0
"SOCSEC",2008,930149,"Taxes on Service and Goods",0
"SOCSEC",2009,902378,"Taxes on Service and Goods",0
"SOCSEC",2010,917409,"Taxes on Service and Goods",0
"SOCSEC",2011,847151,"Taxes on Service and Goods",0
"SOCSEC",2012,880301,"Taxes on Service and Goods",0
"SOCSEC",2013,1030098,"Taxes on Service and Goods",0
"SOCSEC",2014,1077038,"Taxes on Service and Goods",0
"SOCSEC",2015,1126110,"Taxes on Service and Goods",0
"SOCSEC",2016,1153644,"Taxes on Service and Goods",0
"SOCSEC",2017,1204452,"Taxes on Service and Goods",0
"SOCSEC",2018,1256673,"Taxes on Service and Goods",0
"STATE",1973,68686,"Taxes on Service and Goods",64.4934921235769
"STATE",1974,131164,"Taxes on Service and Goods",42.6145893690342
"STATE",1975,80825,"Taxes on Service and Goods",64.3761212496134
"STATE",1976,157274,"Taxes on Service and Goods",42.1353815633862
"STATE",1977,101517,"Taxes on Service and Goods",61.2252135110376
"STATE",1978,194077,"Taxes on Service and Goods",41.814331425156
"STATE",1979,125342,"Taxes on Service and Goods",60.0325509406265
"STATE",1980,137633,"Taxes on Service and Goods",59.075221785473
"STATE",1981,150239,"Taxes on Service and Goods",59.345442927602
"STATE",1982,163106,"Taxes on Service and Goods",59.6047968805562
"STATE",1983,171881,"Taxes on Service and Goods",59.5970467940028
"STATE",1984,197243,"Taxes on Service and Goods",58.5516342785295
"STATE",1985,215684,"Taxes on Service and Goods",58.6510821386844
"STATE",1986,228445,"Taxes on Service and Goods",58.5839042220228
"STATE",1987,247275,"Taxes on Service and Goods",56.7420887675665
"STATE",1988,264468,"Taxes on Service and Goods",57.4757626631577
"STATE",1989,284555,"Taxes on Service and Goods",56.4298641738855
"STATE",1990,309698,"Taxes on Service and Goods",57.2583613714005
"STATE",1991,318718,"Taxes on Service and Goods",57.4106263217013
"STATE",1992,343258,"Taxes on Service and Goods",57.5500061178472
"STATE",1993,361766,"Taxes on Service and Goods",57.3602826136232
"STATE",1994,385542,"Taxes on Service and Goods",57.3818157295444
"STATE",1995,406510,"Taxes on Service and Goods",57.0792846424442
"STATE",1996,431464,"Taxes on Service and Goods",56.5059889121688
"STATE",1997,455522,"Taxes on Service and Goods",56.0003688076536
"STATE",1998,487915,"Taxes on Service and Goods",54.7812631298484
"STATE",1999,515794,"Taxes on Service and Goods",54.4690322105337
"STATE",2000,547601,"Taxes on Service and Goods",53.8238608037604
"STATE",2001,554455,"Taxes on Service and Goods",54.0889702500654
"STATE",2002,538840,"Taxes on Service and Goods",56.8311558161978
"STATE",2003,563400,"Taxes on Service and Goods",57.4320198793042
"STATE",2004,611896,"Taxes on Service and Goods",57.0283185377907
"STATE",2005,682331,"Taxes on Service and Goods",55.3682889975686
"STATE",2006,732750,"Taxes on Service and Goods",54.9291026953258
"STATE",2007,762570,"Taxes on Service and Goods",54.7082890751013
"STATE",2008,768576,"Taxes on Service and Goods",55.322570572071
"STATE",2009,686466,"Taxes on Service and Goods",57.0259852636547
"STATE",2010,723859,"Taxes on Service and Goods",57.9045090273106
"STATE",2011,775654,"Taxes on Service and Goods",56.9982234346758
"STATE",2012,810008,"Taxes on Service and Goods",56.4689484548301
"STATE",2013,867741,"Taxes on Service and Goods",55.2239665983283
"STATE",2014,891672,"Taxes on Service and Goods",55.4939484474112
"STATE",2015,920951,"Taxes on Service and Goods",54.25587246227
"STATE",2016,928070,"Taxes on Service and Goods",54.6439384960186
"STATE",2017,954881,"Taxes on Service and Goods",54.8876771032202
"STATE",2018,999258,"Taxes on Service and Goods",54.8395909765046
"FED",1973,163846,"Other Taxes",0
"FED",1974,182902,"Other Taxes",0
"FED",1975,188458,"Other Taxes",0
"FED",1976,201357,"Other Taxes",0
"FED",1977,241886,"Other Taxes",0
"FED",1978,271436,"Other Taxes",0.00478934260746548
"FED",1979,315365,"Other Taxes",0.00443930049307945
"FED",1980,346840,"Other Taxes",0.00432476069657479
"FED",1981,402489,"Other Taxes",0.00347835593022418
"FED",1982,400550,"Other Taxes",0.00349519410810136
"FED",1983,376054,"Other Taxes",0.00345695033160131
"FED",1984,410223,"Other Taxes",0.00365654778010984
"FED",1985,450563,"Other Taxes",0.00355111271897604
"FED",1986,465419,"Other Taxes",0.00343776253225588
"FED",1987,531588,"Other Taxes",0.00300984973325207
"FED",1988,554841,"Other Taxes",0.00306394084070932
"FED",1989,608276,"Other Taxes",0.00263038489106919
"FED",1990,632160,"Other Taxes",0
"FED",1991,628116,"Other Taxes",0
"FED",1992,656705,"Other Taxes",0
"FED",1993,712171,"Other Taxes",0
"FED",1994,778571,"Other Taxes",0
"FED",1995,840645,"Other Taxes",0
"FED",1996,934446,"Other Taxes",0
"FED",1997,1035654,"Other Taxes",0
"FED",1998,1120417,"Other Taxes",0
"FED",1999,1203307,"Other Taxes",0
"FED",2000,1316632,"Other Taxes",0
"FED",2001,1254773,"Other Taxes",0
"FED",2002,1078486,"Other Taxes",0
"FED",2003,1075839,"Other Taxes",0
"FED",2004,1165211,"Other Taxes",0
"FED",2005,1392812,"Other Taxes",0
"FED",2006,1562608,"Other Taxes",0
"FED",2007,1634127,"Other Taxes",0
"FED",2008,1517778,"Other Taxes",0
"FED",2009,1144276,"Other Taxes",0
"FED",2010,1288676,"Other Taxes",0
"FED",2011,1488047,"Other Taxes",0
"FED",2012,1587024,"Other Taxes",0
"FED",2013,1765757,"Other Taxes",0
"FED",2014,1918871,"Other Taxes",0
"FED",2015,2041407,"Other Taxes",0
"FED",2016,2054530,"Other Taxes",0
"FED",2017,2328070,"Other Taxes",0
"FED",2018,1980351,"Other Taxes",0
"LOCAL",1973,52858,"Other Taxes",0
"LOCAL",1974,0,"Other Taxes",NA
"LOCAL",1975,61064,"Other Taxes",0
"LOCAL",1976,0,"Other Taxes",NA
"LOCAL",1977,74832,"Other Taxes",0
"LOCAL",1978,0,"Other Taxes",NA
"LOCAL",1979,80650,"Other Taxes",0
"LOCAL",1980,86436,"Other Taxes",0
"LOCAL",1981,94829,"Other Taxes",0
"LOCAL",1982,103703,"Other Taxes",0
"LOCAL",1983,113202,"Other Taxes",0
"LOCAL",1984,123451,"Other Taxes",0
"LOCAL",1985,134523,"Other Taxes",0
"LOCAL",1986,145055,"Other Taxes",0
"LOCAL",1987,158275,"Other Taxes",0
"LOCAL",1988,171659,"Other Taxes",0
"LOCAL",1989,184534,"Other Taxes",0
"LOCAL",1990,213582,"Other Taxes",0
"LOCAL",1991,230155,"Other Taxes",0
"LOCAL",1992,241021,"Other Taxes",0
"LOCAL",1993,247706,"Other Taxes",0
"LOCAL",1994,263799,"Other Taxes",0
"LOCAL",1995,270694,"Other Taxes",0
"LOCAL",1996,283751,"Other Taxes",0
"LOCAL",1997,300807,"Other Taxes",0
"LOCAL",1998,314248,"Other Taxes",0
"LOCAL",1999,332575,"Other Taxes",0
"LOCAL",2000,353181,"Other Taxes",0
"LOCAL",2001,367567,"Other Taxes",0
"LOCAL",2002,392425,"Other Taxes",0
"LOCAL",2003,417280,"Other Taxes",0
"LOCAL",2004,454110,"Other Taxes",0
"LOCAL",2005,496312,"Other Taxes",0
"LOCAL",2006,530643,"Other Taxes",0
"LOCAL",2007,564556,"Other Taxes",0
"LOCAL",2008,570910,"Other Taxes",0
"LOCAL",2009,583896,"Other Taxes",0
"LOCAL",2010,587198,"Other Taxes",0
"LOCAL",2011,595836,"Other Taxes",0
"LOCAL",2012,609898,"Other Taxes",0
"LOCAL",2013,628154,"Other Taxes",0
"LOCAL",2014,656778,"Other Taxes",0
"LOCAL",2015,677011,"Other Taxes",0
"LOCAL",2016,705704,"Other Taxes",0
"LOCAL",2017,739934,"Other Taxes",0
"LOCAL",2018,770880,"Other Taxes",0
"NES",1965,167022,"Other Taxes",0
"NES",1966,186065,"Other Taxes",0
"NES",1967,208577,"Other Taxes",0
"NES",1968,218623,"Other Taxes",0
"NES",1969,261468,"Other Taxes",0
"NES",1970,276727,"Other Taxes",0
"NES",1971,278738,"Other Taxes",0
"NES",1972,313091,"Other Taxes",0
"NES",1973,348794,"Other Taxes",0
"NES",1974,389542,"Other Taxes",0
"NES",1975,415386,"Other Taxes",0
"NES",1976,450017,"Other Taxes",0
"NES",1977,525970,"Other Taxes",0
"NES",1978,588261,"Other Taxes",0.00220990342722023
"NES",1979,662519,"Other Taxes",0.00211314694371029
"NES",1980,730672,"Other Taxes",0.00205290472332319
"NES",1981,832930,"Other Taxes",0.00168081351374065
"NES",1982,871205,"Other Taxes",0.00160696965696937
"NES",1983,872628,"Other Taxes",0.0014897527927135
"NES",1984,973472,"Other Taxes",0.00154087636829821
"NES",1985,1069914,"Other Taxes",0.00149544729763327
"NES",1986,1127958,"Other Taxes",0.00141849253252337
"NES",1987,1247323,"Other Taxes",0.0012827471312563
"NES",1988,1334154,"Other Taxes",0.0012742157202242
"NES",1989,1447778,"Other Taxes",0.00110514181041569
"NES",1990,1552412,"Other Taxes",0
"NES",1991,1592210,"Other Taxes",0
"NES",1992,1678735,"Other Taxes",0
"NES",1993,1779818,"Other Taxes",0
"NES",1994,1915492,"Other Taxes",0
"NES",1995,2028326,"Other Taxes",0
"NES",1996,2183329,"Other Taxes",0
"NES",1997,2357489,"Other Taxes",0
"NES",1998,2525495,"Other Taxes",0
"NES",1999,2690195,"Other Taxes",0
"NES",2000,2900519,"Other Taxes",0
"NES",2001,2884729,"Other Taxes",0
"NES",2002,2733431,"Other Taxes",0
"NES",2003,2805007,"Other Taxes",0
"NES",2004,3025256,"Other Taxes",0
"NES",2005,3402866,"Other Taxes",0
"NES",2006,3699160,"Other Taxes",0
"NES",2007,3868611,"Other Taxes",0
"NES",2008,3787414,"Other Taxes",0
"NES",2009,3317017,"Other Taxes",0
"NES",2010,3517143,"Other Taxes",0
"NES",2011,3706689,"Other Taxes",0
"NES",2012,3887232,"Other Taxes",0
"NES",2013,4291752,"Other Taxes",0
"NES",2014,4544361,"Other Taxes",0
"NES",2015,4765481,"Other Taxes",0
"NES",2016,4841949,"Other Taxes",0
"NES",2017,5227338,"Other Taxes",0
"NES",2018,5007164,"Other Taxes",0
"SOCSEC",1973,63404,"Other Taxes",0
"SOCSEC",1974,75476,"Other Taxes",0
"SOCSEC",1975,85039,"Other Taxes",0
"SOCSEC",1976,91386,"Other Taxes",0
"SOCSEC",1977,107735,"Other Taxes",0
"SOCSEC",1978,122748,"Other Taxes",0
"SOCSEC",1979,141162,"Other Taxes",0
"SOCSEC",1980,159763,"Other Taxes",0
"SOCSEC",1981,185373,"Other Taxes",0
"SOCSEC",1982,203846,"Other Taxes",0
"SOCSEC",1983,211491,"Other Taxes",0
"SOCSEC",1984,242555,"Other Taxes",0
"SOCSEC",1985,269144,"Other Taxes",0
"SOCSEC",1986,289039,"Other Taxes",0
"SOCSEC",1987,310185,"Other Taxes",0
"SOCSEC",1988,343186,"Other Taxes",0
"SOCSEC",1989,370413,"Other Taxes",0
"SOCSEC",1990,396972,"Other Taxes",0
"SOCSEC",1991,415220,"Other Taxes",0
"SOCSEC",1992,437751,"Other Taxes",0
"SOCSEC",1993,458174,"Other Taxes",0
"SOCSEC",1994,487580,"Other Taxes",0
"SOCSEC",1995,510476,"Other Taxes",0
"SOCSEC",1996,533666,"Other Taxes",0
"SOCSEC",1997,565504,"Other Taxes",0
"SOCSEC",1998,602915,"Other Taxes",0
"SOCSEC",1999,638518,"Other Taxes",0
"SOCSEC",2000,683104,"Other Taxes",0
"SOCSEC",2001,707932,"Other Taxes",0
"SOCSEC",2002,723678,"Other Taxes",0
"SOCSEC",2003,748486,"Other Taxes",0
"SOCSEC",2004,794037,"Other Taxes",0
"SOCSEC",2005,831410,"Other Taxes",0
"SOCSEC",2006,873157,"Other Taxes",0
"SOCSEC",2007,907357,"Other Taxes",0
"SOCSEC",2008,930149,"Other Taxes",0
"SOCSEC",2009,902378,"Other Taxes",0
"SOCSEC",2010,917409,"Other Taxes",0
"SOCSEC",2011,847151,"Other Taxes",0
"SOCSEC",2012,880301,"Other Taxes",0
"SOCSEC",2013,1030098,"Other Taxes",0
"SOCSEC",2014,1077038,"Other Taxes",0
"SOCSEC",2015,1126110,"Other Taxes",0
"SOCSEC",2016,1153644,"Other Taxes",0
"SOCSEC",2017,1204452,"Other Taxes",0
"SOCSEC",2018,1256673,"Other Taxes",NA
"STATE",1973,68686,"Other Taxes",0
"STATE",1974,131164,"Other Taxes",0
"STATE",1975,80825,"Other Taxes",0
"STATE",1976,157274,"Other Taxes",0
"STATE",1977,101517,"Other Taxes",0
"STATE",1978,194077,"Other Taxes",0
"STATE",1979,125342,"Other Taxes",0
"STATE",1980,137633,"Other Taxes",0
"STATE",1981,150239,"Other Taxes",0
"STATE",1982,163106,"Other Taxes",0
"STATE",1983,171881,"Other Taxes",0
"STATE",1984,197243,"Other Taxes",0
"STATE",1985,215684,"Other Taxes",0
"STATE",1986,228445,"Other Taxes",0
"STATE",1987,247275,"Other Taxes",0
"STATE",1988,264468,"Other Taxes",0
"STATE",1989,284555,"Other Taxes",0
"STATE",1990,309698,"Other Taxes",0
"STATE",1991,318718,"Other Taxes",0
"STATE",1992,343258,"Other Taxes",0
"STATE",1993,361766,"Other Taxes",0
"STATE",1994,385542,"Other Taxes",0
"STATE",1995,406510,"Other Taxes",0
"STATE",1996,431464,"Other Taxes",0
"STATE",1997,455522,"Other Taxes",0
"STATE",1998,487915,"Other Taxes",0
"STATE",1999,515794,"Other Taxes",0
"STATE",2000,547601,"Other Taxes",0
"STATE",2001,554455,"Other Taxes",0
"STATE",2002,538840,"Other Taxes",0
"STATE",2003,563400,"Other Taxes",0
"STATE",2004,611896,"Other Taxes",0
"STATE",2005,682331,"Other Taxes",0
"STATE",2006,732750,"Other Taxes",0
"STATE",2007,762570,"Other Taxes",0
"STATE",2008,768576,"Other Taxes",0
"STATE",2009,686466,"Other Taxes",0
"STATE",2010,723859,"Other Taxes",0
"STATE",2011,775654,"Other Taxes",0
"STATE",2012,810008,"Other Taxes",0
"STATE",2013,867741,"Other Taxes",0
"STATE",2014,891672,"Other Taxes",0
"STATE",2015,920951,"Other Taxes",0
"STATE",2016,928070,"Other Taxes",0
"STATE",2017,954881,"Other Taxes",0
"STATE",2018,999258,"Other Taxes",NA
